test_set	rank_a	system_a	rank_b	system_b	ranking_metric	ranking_score_a	ranking_ci_lo_a	ranking_ci_hi_a	ranking_score_b	ranking_ci_lo_b	ranking_ci_hi_b	test_metric	mean_diff	ci_lower	ci_upper	p_value	significant	winner
dta19_l0_v0.1_test_de	1	bnf-mistral_hipe-ocrepair-bench_v0.9_dta19-l0_v0.1_masked-test_de_run2	2	baseline-no-correction_hipe-ocrepair-bench_v0.9_dta19-l0_v0.1_masked-test_de_run1	cmer_micro	0.002300	0.001900	0.002700	0.003000	0.002600	0.003500	cMER	-0.000345	-0.000859	0.000213	0.215600	no	tie
dta19_l0_v0.1_test_de	1	bnf-mistral_hipe-ocrepair-bench_v0.9_dta19-l0_v0.1_masked-test_de_run2	2	baseline-no-correction_hipe-ocrepair-bench_v0.9_dta19-l0_v0.1_masked-test_de_run1	cmer_micro	0.002300	0.001900	0.002700	0.003000	0.002600	0.003500	wMER	-0.003499	-0.007103	0.000457	0.077400	no	tie
dta19_l0_v0.1_test_de	1	bnf-mistral_hipe-ocrepair-bench_v0.9_dta19-l0_v0.1_masked-test_de_run2	2	baseline-no-correction_hipe-ocrepair-bench_v0.9_dta19-l0_v0.1_masked-test_de_run1	cmer_micro	0.002300	0.001900	0.002700	0.003000	0.002600	0.003500	char_pref	0.387500	0.225000	0.550000	0.000000	yes	A
dta19_l0_v0.1_test_de	1	bnf-mistral_hipe-ocrepair-bench_v0.9_dta19-l0_v0.1_masked-test_de_run2	2	baseline-no-correction_hipe-ocrepair-bench_v0.9_dta19-l0_v0.1_masked-test_de_run1	cmer_micro	0.002300	0.001900	0.002700	0.003000	0.002600	0.003500	word_pref	0.400000	0.237500	0.550000	0.000000	yes	A
dta19_l0_v0.1_test_de	4	bnf-mistral_hipe-ocrepair-bench_v0.9_dta19-l0_v0.1_masked-test_de_run3	5	bnf-mistral_hipe-ocrepair-bench_v0.9_dta19-l0_v0.1_masked-test_de_run1	cmer_micro	0.009600	0.007000	0.012500	0.010500	0.007800	0.013600	cMER	0.009916	0.005634	0.014145	0.000000	yes	B
dta19_l0_v0.1_test_de	4	bnf-mistral_hipe-ocrepair-bench_v0.9_dta19-l0_v0.1_masked-test_de_run3	5	bnf-mistral_hipe-ocrepair-bench_v0.9_dta19-l0_v0.1_masked-test_de_run1	cmer_micro	0.009600	0.007000	0.012500	0.010500	0.007800	0.013600	wMER	0.118154	0.087198	0.148756	0.000000	yes	B
dta19_l0_v0.1_test_de	4	bnf-mistral_hipe-ocrepair-bench_v0.9_dta19-l0_v0.1_masked-test_de_run3	5	bnf-mistral_hipe-ocrepair-bench_v0.9_dta19-l0_v0.1_masked-test_de_run1	cmer_micro	0.009600	0.007000	0.012500	0.010500	0.007800	0.013600	char_pref	-0.362500	-0.537500	-0.212500	0.000000	yes	B
dta19_l0_v0.1_test_de	4	bnf-mistral_hipe-ocrepair-bench_v0.9_dta19-l0_v0.1_masked-test_de_run3	5	bnf-mistral_hipe-ocrepair-bench_v0.9_dta19-l0_v0.1_masked-test_de_run1	cmer_micro	0.009600	0.007000	0.012500	0.010500	0.007800	0.013600	word_pref	-0.362500	-0.525000	-0.212500	0.000000	yes	B
dta19_l0_v0.1_test_de	6	blocr_hipe-ocrepair-bench_v0.9_dta19-l0_v0.1_masked-test_de_run1	7	Zakaria-ENSIAS_hipe-ocrepair-bench_v0.9_dta19-l0_v0.1_masked-test_de_run1	cmer_micro	0.024500	0.019600	0.029400	0.036300	0.025200	0.053700	cMER	-0.025358	-0.031928	-0.019174	0.000000	yes	A
dta19_l0_v0.1_test_de	6	blocr_hipe-ocrepair-bench_v0.9_dta19-l0_v0.1_masked-test_de_run1	7	Zakaria-ENSIAS_hipe-ocrepair-bench_v0.9_dta19-l0_v0.1_masked-test_de_run1	cmer_micro	0.024500	0.019600	0.029400	0.036300	0.025200	0.053700	wMER	-0.115295	-0.142072	-0.088189	0.000000	yes	A
dta19_l0_v0.1_test_de	6	blocr_hipe-ocrepair-bench_v0.9_dta19-l0_v0.1_masked-test_de_run1	7	Zakaria-ENSIAS_hipe-ocrepair-bench_v0.9_dta19-l0_v0.1_masked-test_de_run1	cmer_micro	0.024500	0.019600	0.029400	0.036300	0.025200	0.053700	char_pref	0.000000	-0.037500	0.037500	1.000000	no	tie
dta19_l0_v0.1_test_de	6	blocr_hipe-ocrepair-bench_v0.9_dta19-l0_v0.1_masked-test_de_run1	7	Zakaria-ENSIAS_hipe-ocrepair-bench_v0.9_dta19-l0_v0.1_masked-test_de_run1	cmer_micro	0.024500	0.019600	0.029400	0.036300	0.025200	0.053700	word_pref	0.025000	-0.025000	0.087500	0.584400	no	tie
dta19_l1_v0.1_test_de	2	bnf-mistral_hipe-ocrepair-bench_v0.9_dta19-l1_v0.1_masked-test_de_run1	3	bnf-mistral_hipe-ocrepair-bench_v0.9_dta19-l1_v0.1_masked-test_de_run3	cmer_micro	0.013900	0.010900	0.017300	0.017400	0.013700	0.021300	cMER	-0.012291	-0.016230	-0.008383	0.000000	yes	A
dta19_l1_v0.1_test_de	2	bnf-mistral_hipe-ocrepair-bench_v0.9_dta19-l1_v0.1_masked-test_de_run1	3	bnf-mistral_hipe-ocrepair-bench_v0.9_dta19-l1_v0.1_masked-test_de_run3	cmer_micro	0.013900	0.010900	0.017300	0.017400	0.013700	0.021300	wMER	-0.099711	-0.124698	-0.075024	0.000000	yes	A
dta19_l1_v0.1_test_de	2	bnf-mistral_hipe-ocrepair-bench_v0.9_dta19-l1_v0.1_masked-test_de_run1	3	bnf-mistral_hipe-ocrepair-bench_v0.9_dta19-l1_v0.1_masked-test_de_run3	cmer_micro	0.013900	0.010900	0.017300	0.017400	0.013700	0.021300	char_pref	0.500000	0.300000	0.725000	0.000000	yes	A
dta19_l1_v0.1_test_de	2	bnf-mistral_hipe-ocrepair-bench_v0.9_dta19-l1_v0.1_masked-test_de_run1	3	bnf-mistral_hipe-ocrepair-bench_v0.9_dta19-l1_v0.1_masked-test_de_run3	cmer_micro	0.013900	0.010900	0.017300	0.017400	0.013700	0.021300	word_pref	0.837500	0.612500	1.062500	0.000000	yes	A
dta19_l1_v0.1_test_de	3	bnf-mistral_hipe-ocrepair-bench_v0.9_dta19-l1_v0.1_masked-test_de_run3	4	l3i_hipe-ocrepair-bench_v0.9_dta19-l1_v0.1_masked-test_de_run1	cmer_micro	0.017400	0.013700	0.021300	0.021200	0.018800	0.023200	cMER	0.010905	0.005905	0.015578	0.000000	yes	B
dta19_l1_v0.1_test_de	3	bnf-mistral_hipe-ocrepair-bench_v0.9_dta19-l1_v0.1_masked-test_de_run3	4	l3i_hipe-ocrepair-bench_v0.9_dta19-l1_v0.1_masked-test_de_run1	cmer_micro	0.017400	0.013700	0.021300	0.021200	0.018800	0.023200	wMER	0.096179	0.073141	0.117469	0.000000	yes	B
dta19_l1_v0.1_test_de	3	bnf-mistral_hipe-ocrepair-bench_v0.9_dta19-l1_v0.1_masked-test_de_run3	4	l3i_hipe-ocrepair-bench_v0.9_dta19-l1_v0.1_masked-test_de_run1	cmer_micro	0.017400	0.013700	0.021300	0.021200	0.018800	0.023200	char_pref	-0.550000	-0.762500	-0.325000	0.000000	yes	B
dta19_l1_v0.1_test_de	3	bnf-mistral_hipe-ocrepair-bench_v0.9_dta19-l1_v0.1_masked-test_de_run3	4	l3i_hipe-ocrepair-bench_v0.9_dta19-l1_v0.1_masked-test_de_run1	cmer_micro	0.017400	0.013700	0.021300	0.021200	0.018800	0.023200	word_pref	-0.925000	-1.100000	-0.737500	0.000000	yes	B
dta19_l1_v0.1_test_de	4	l3i_hipe-ocrepair-bench_v0.9_dta19-l1_v0.1_masked-test_de_run1	5	baseline-no-correction_hipe-ocrepair-bench_v0.9_dta19-l1_v0.1_masked-test_de_run1	cmer_micro	0.021200	0.018800	0.023200	0.022700	0.021700	0.023500	cMER	0.002603	-0.000138	0.006395	0.071400	no	tie
dta19_l1_v0.1_test_de	4	l3i_hipe-ocrepair-bench_v0.9_dta19-l1_v0.1_masked-test_de_run1	5	baseline-no-correction_hipe-ocrepair-bench_v0.9_dta19-l1_v0.1_masked-test_de_run1	cmer_micro	0.021200	0.018800	0.023200	0.022700	0.021700	0.023500	wMER	-0.002928	-0.014641	0.010758	0.620600	no	tie
dta19_l1_v0.1_test_de	4	l3i_hipe-ocrepair-bench_v0.9_dta19-l1_v0.1_masked-test_de_run1	5	baseline-no-correction_hipe-ocrepair-bench_v0.9_dta19-l1_v0.1_masked-test_de_run1	cmer_micro	0.021200	0.018800	0.023200	0.022700	0.021700	0.023500	char_pref	-0.075000	-0.200000	0.050000	0.270600	no	tie
dta19_l1_v0.1_test_de	4	l3i_hipe-ocrepair-bench_v0.9_dta19-l1_v0.1_masked-test_de_run1	5	baseline-no-correction_hipe-ocrepair-bench_v0.9_dta19-l1_v0.1_masked-test_de_run1	cmer_micro	0.021200	0.018800	0.023200	0.022700	0.021700	0.023500	word_pref	0.150000	0.025000	0.275000	0.024000	yes	A
dta19_l2_v0.1_test_de	1	bnf-mistral_hipe-ocrepair-bench_v0.9_dta19-l2_v0.1_masked-test_de_run2	2	bnf-mistral_hipe-ocrepair-bench_v0.9_dta19-l2_v0.1_masked-test_de_run1	cmer_micro	0.021700	0.018500	0.025400	0.022800	0.018900	0.026800	cMER	-0.012386	-0.016890	-0.008040	0.000000	yes	A
dta19_l2_v0.1_test_de	1	bnf-mistral_hipe-ocrepair-bench_v0.9_dta19-l2_v0.1_masked-test_de_run2	2	bnf-mistral_hipe-ocrepair-bench_v0.9_dta19-l2_v0.1_masked-test_de_run1	cmer_micro	0.021700	0.018500	0.025400	0.022800	0.018900	0.026800	wMER	-0.104058	-0.127402	-0.080252	0.000000	yes	A
dta19_l2_v0.1_test_de	1	bnf-mistral_hipe-ocrepair-bench_v0.9_dta19-l2_v0.1_masked-test_de_run2	2	bnf-mistral_hipe-ocrepair-bench_v0.9_dta19-l2_v0.1_masked-test_de_run1	cmer_micro	0.021700	0.018500	0.025400	0.022800	0.018900	0.026800	char_pref	0.050000	-0.050000	0.150000	0.439200	no	tie
dta19_l2_v0.1_test_de	1	bnf-mistral_hipe-ocrepair-bench_v0.9_dta19-l2_v0.1_masked-test_de_run2	2	bnf-mistral_hipe-ocrepair-bench_v0.9_dta19-l2_v0.1_masked-test_de_run1	cmer_micro	0.021700	0.018500	0.025400	0.022800	0.018900	0.026800	word_pref	0.275000	0.137500	0.437500	0.000000	yes	A
dta19_l2_v0.1_test_de	2	bnf-mistral_hipe-ocrepair-bench_v0.9_dta19-l2_v0.1_masked-test_de_run1	3	bnf-mistral_hipe-ocrepair-bench_v0.9_dta19-l2_v0.1_masked-test_de_run3	cmer_micro	0.022800	0.018900	0.026800	0.028200	0.023800	0.033100	cMER	-0.011670	-0.015425	-0.008099	0.000000	yes	A
dta19_l2_v0.1_test_de	2	bnf-mistral_hipe-ocrepair-bench_v0.9_dta19-l2_v0.1_masked-test_de_run1	3	bnf-mistral_hipe-ocrepair-bench_v0.9_dta19-l2_v0.1_masked-test_de_run3	cmer_micro	0.022800	0.018900	0.026800	0.028200	0.023800	0.033100	wMER	-0.058270	-0.081252	-0.035703	0.000000	yes	A
dta19_l2_v0.1_test_de	2	bnf-mistral_hipe-ocrepair-bench_v0.9_dta19-l2_v0.1_masked-test_de_run1	3	bnf-mistral_hipe-ocrepair-bench_v0.9_dta19-l2_v0.1_masked-test_de_run3	cmer_micro	0.022800	0.018900	0.026800	0.028200	0.023800	0.033100	char_pref	0.300000	0.150000	0.450625	0.000000	yes	A
dta19_l2_v0.1_test_de	2	bnf-mistral_hipe-ocrepair-bench_v0.9_dta19-l2_v0.1_masked-test_de_run1	3	bnf-mistral_hipe-ocrepair-bench_v0.9_dta19-l2_v0.1_masked-test_de_run3	cmer_micro	0.022800	0.018900	0.026800	0.028200	0.023800	0.033100	word_pref	0.350000	0.150000	0.550000	0.000600	yes	A
dta19_l2_v0.1_test_de	5	baseline-no-correction_hipe-ocrepair-bench_v0.9_dta19-l2_v0.1_masked-test_de_run1	6	blocr_hipe-ocrepair-bench_v0.9_dta19-l2_v0.1_masked-test_de_run1	cmer_micro	0.061100	0.060200	0.062100	0.084400	0.047800	0.133900	cMER	-0.007954	-0.035725	0.008523	0.625400	no	tie
dta19_l2_v0.1_test_de	5	baseline-no-correction_hipe-ocrepair-bench_v0.9_dta19-l2_v0.1_masked-test_de_run1	6	blocr_hipe-ocrepair-bench_v0.9_dta19-l2_v0.1_masked-test_de_run1	cmer_micro	0.061100	0.060200	0.062100	0.084400	0.047800	0.133900	wMER	0.105093	0.079637	0.125119	0.000000	yes	B
dta19_l2_v0.1_test_de	5	baseline-no-correction_hipe-ocrepair-bench_v0.9_dta19-l2_v0.1_masked-test_de_run1	6	blocr_hipe-ocrepair-bench_v0.9_dta19-l2_v0.1_masked-test_de_run1	cmer_micro	0.061100	0.060200	0.062100	0.084400	0.047800	0.133900	char_pref	-0.450000	-0.625000	-0.250000	0.000000	yes	B
dta19_l2_v0.1_test_de	5	baseline-no-correction_hipe-ocrepair-bench_v0.9_dta19-l2_v0.1_masked-test_de_run1	6	blocr_hipe-ocrepair-bench_v0.9_dta19-l2_v0.1_masked-test_de_run1	cmer_micro	0.061100	0.060200	0.062100	0.084400	0.047800	0.133900	word_pref	-0.875000	-0.975000	-0.775000	0.000000	yes	B
icdar2017_v1.1_test_en	1	bnf-mistral_hipe-ocrepair-bench_v0.9_icdar2017_v1.1_masked-test_en_run1	2	bnf-mistral_hipe-ocrepair-bench_v0.9_icdar2017_v1.1_masked-test_en_run3	cmer_micro	0.005100	0.003900	0.006600	0.006500	0.005000	0.008100	cMER	-0.001579	-0.002717	-0.000519	0.003000	yes	A
icdar2017_v1.1_test_en	1	bnf-mistral_hipe-ocrepair-bench_v0.9_icdar2017_v1.1_masked-test_en_run1	2	bnf-mistral_hipe-ocrepair-bench_v0.9_icdar2017_v1.1_masked-test_en_run3	cmer_micro	0.005100	0.003900	0.006600	0.006500	0.005000	0.008100	wMER	-0.004315	-0.008059	-0.000515	0.027800	yes	A
icdar2017_v1.1_test_en	1	bnf-mistral_hipe-ocrepair-bench_v0.9_icdar2017_v1.1_masked-test_en_run1	2	bnf-mistral_hipe-ocrepair-bench_v0.9_icdar2017_v1.1_masked-test_en_run3	cmer_micro	0.005100	0.003900	0.006600	0.006500	0.005000	0.008100	char_pref	-0.010000	-0.060000	0.030000	0.945400	no	tie
icdar2017_v1.1_test_en	1	bnf-mistral_hipe-ocrepair-bench_v0.9_icdar2017_v1.1_masked-test_en_run1	2	bnf-mistral_hipe-ocrepair-bench_v0.9_icdar2017_v1.1_masked-test_en_run3	cmer_micro	0.005100	0.003900	0.006600	0.006500	0.005000	0.008100	word_pref	0.000000	-0.030000	0.030000	1.000000	no	tie
icdar2017_v1.1_test_en	2	bnf-mistral_hipe-ocrepair-bench_v0.9_icdar2017_v1.1_masked-test_en_run3	3	bnf-mistral_hipe-ocrepair-bench_v0.9_icdar2017_v1.1_masked-test_en_run2	cmer_micro	0.006500	0.005000	0.008100	0.009600	0.006900	0.012900	cMER	-0.003520	-0.005479	-0.001737	0.000200	yes	A
icdar2017_v1.1_test_en	2	bnf-mistral_hipe-ocrepair-bench_v0.9_icdar2017_v1.1_masked-test_en_run3	3	bnf-mistral_hipe-ocrepair-bench_v0.9_icdar2017_v1.1_masked-test_en_run2	cmer_micro	0.006500	0.005000	0.008100	0.009600	0.006900	0.012900	wMER	-0.011274	-0.017079	-0.006073	0.000000	yes	A
icdar2017_v1.1_test_en	2	bnf-mistral_hipe-ocrepair-bench_v0.9_icdar2017_v1.1_masked-test_en_run3	3	bnf-mistral_hipe-ocrepair-bench_v0.9_icdar2017_v1.1_masked-test_en_run2	cmer_micro	0.006500	0.005000	0.008100	0.009600	0.006900	0.012900	char_pref	0.020000	-0.020000	0.070000	0.587800	no	tie
icdar2017_v1.1_test_en	2	bnf-mistral_hipe-ocrepair-bench_v0.9_icdar2017_v1.1_masked-test_en_run3	3	bnf-mistral_hipe-ocrepair-bench_v0.9_icdar2017_v1.1_masked-test_en_run2	cmer_micro	0.006500	0.005000	0.008100	0.009600	0.006900	0.012900	word_pref	0.000000	-0.030000	0.030000	1.000000	no	tie
icdar2017_v1.1_test_en	3	bnf-mistral_hipe-ocrepair-bench_v0.9_icdar2017_v1.1_masked-test_en_run2	4	blocr_hipe-ocrepair-bench_v0.9_icdar2017_v1.1_masked-test_en_run1	cmer_micro	0.009600	0.006900	0.012900	0.009700	0.006300	0.014500	cMER	0.000032	-0.001954	0.002033	0.969600	no	tie
icdar2017_v1.1_test_en	3	bnf-mistral_hipe-ocrepair-bench_v0.9_icdar2017_v1.1_masked-test_en_run2	4	blocr_hipe-ocrepair-bench_v0.9_icdar2017_v1.1_masked-test_en_run1	cmer_micro	0.009600	0.006900	0.012900	0.009700	0.006300	0.014500	wMER	0.005080	-0.002590	0.012145	0.175000	no	tie
icdar2017_v1.1_test_en	3	bnf-mistral_hipe-ocrepair-bench_v0.9_icdar2017_v1.1_masked-test_en_run2	4	blocr_hipe-ocrepair-bench_v0.9_icdar2017_v1.1_masked-test_en_run1	cmer_micro	0.009600	0.006900	0.012900	0.009700	0.006300	0.014500	char_pref	0.060000	-0.010000	0.140000	0.152600	no	tie
icdar2017_v1.1_test_en	3	bnf-mistral_hipe-ocrepair-bench_v0.9_icdar2017_v1.1_masked-test_en_run2	4	blocr_hipe-ocrepair-bench_v0.9_icdar2017_v1.1_masked-test_en_run1	cmer_micro	0.009600	0.006900	0.012900	0.009700	0.006300	0.014500	word_pref	0.050000	0.010000	0.110000	0.033600	yes	A
icdar2017_v1.1_test_en	4	blocr_hipe-ocrepair-bench_v0.9_icdar2017_v1.1_masked-test_en_run1	5	Zakaria-ENSIAS_hipe-ocrepair-bench_v0.9_icdar2017_v1.1_masked-test_en_run1	cmer_micro	0.009700	0.006300	0.014500	0.017500	0.013300	0.022700	cMER	-0.029795	-0.054279	-0.010538	0.000000	yes	A
icdar2017_v1.1_test_en	4	blocr_hipe-ocrepair-bench_v0.9_icdar2017_v1.1_masked-test_en_run1	5	Zakaria-ENSIAS_hipe-ocrepair-bench_v0.9_icdar2017_v1.1_masked-test_en_run1	cmer_micro	0.009700	0.006300	0.014500	0.017500	0.013300	0.022700	wMER	-0.050656	-0.082990	-0.025601	0.000000	yes	A
icdar2017_v1.1_test_en	4	blocr_hipe-ocrepair-bench_v0.9_icdar2017_v1.1_masked-test_en_run1	5	Zakaria-ENSIAS_hipe-ocrepair-bench_v0.9_icdar2017_v1.1_masked-test_en_run1	cmer_micro	0.009700	0.006300	0.014500	0.017500	0.013300	0.022700	char_pref	0.290000	0.150000	0.440000	0.000000	yes	A
icdar2017_v1.1_test_en	4	blocr_hipe-ocrepair-bench_v0.9_icdar2017_v1.1_masked-test_en_run1	5	Zakaria-ENSIAS_hipe-ocrepair-bench_v0.9_icdar2017_v1.1_masked-test_en_run1	cmer_micro	0.009700	0.006300	0.014500	0.017500	0.013300	0.022700	word_pref	0.120000	0.030000	0.230000	0.017400	yes	A
icdar2017_v1.1_test_en	5	Zakaria-ENSIAS_hipe-ocrepair-bench_v0.9_icdar2017_v1.1_masked-test_en_run1	6	baseline-no-correction_hipe-ocrepair-bench_v0.9_icdar2017_v1.1_masked-test_en_run1	cmer_micro	0.017500	0.013300	0.022700	0.026300	0.021100	0.032000	cMER	0.010913	-0.008629	0.036373	0.359200	no	tie
icdar2017_v1.1_test_en	5	Zakaria-ENSIAS_hipe-ocrepair-bench_v0.9_icdar2017_v1.1_masked-test_en_run1	6	baseline-no-correction_hipe-ocrepair-bench_v0.9_icdar2017_v1.1_masked-test_en_run1	cmer_micro	0.017500	0.013300	0.022700	0.026300	0.021100	0.032000	wMER	-0.042692	-0.068202	-0.009662	0.016800	yes	A
icdar2017_v1.1_test_en	5	Zakaria-ENSIAS_hipe-ocrepair-bench_v0.9_icdar2017_v1.1_masked-test_en_run1	6	baseline-no-correction_hipe-ocrepair-bench_v0.9_icdar2017_v1.1_masked-test_en_run1	cmer_micro	0.017500	0.013300	0.022700	0.026300	0.021100	0.032000	char_pref	0.590000	0.430000	0.730000	0.000000	yes	A
icdar2017_v1.1_test_en	5	Zakaria-ENSIAS_hipe-ocrepair-bench_v0.9_icdar2017_v1.1_masked-test_en_run1	6	baseline-no-correction_hipe-ocrepair-bench_v0.9_icdar2017_v1.1_masked-test_en_run1	cmer_micro	0.017500	0.013300	0.022700	0.026300	0.021100	0.032000	word_pref	0.780000	0.660000	0.880000	0.000000	yes	A
icdar2017_v1.1_test_en	6	baseline-no-correction_hipe-ocrepair-bench_v0.9_icdar2017_v1.1_masked-test_en_run1	7	l3i_hipe-ocrepair-bench_v0.9_icdar2017_v1.1_masked-test_en_run1	cmer_micro	0.026300	0.021100	0.032000	0.026400	0.020200	0.034400	cMER	-0.007219	-0.024920	0.002528	0.639200	no	tie
icdar2017_v1.1_test_en	6	baseline-no-correction_hipe-ocrepair-bench_v0.9_icdar2017_v1.1_masked-test_en_run1	7	l3i_hipe-ocrepair-bench_v0.9_icdar2017_v1.1_masked-test_en_run1	cmer_micro	0.026300	0.021100	0.032000	0.026400	0.020200	0.034400	wMER	0.000162	-0.019877	0.014731	0.908200	no	tie
icdar2017_v1.1_test_en	6	baseline-no-correction_hipe-ocrepair-bench_v0.9_icdar2017_v1.1_masked-test_en_run1	7	l3i_hipe-ocrepair-bench_v0.9_icdar2017_v1.1_masked-test_en_run1	cmer_micro	0.026300	0.021100	0.032000	0.026400	0.020200	0.034400	char_pref	0.050000	-0.060000	0.160000	0.430600	no	tie
icdar2017_v1.1_test_en	6	baseline-no-correction_hipe-ocrepair-bench_v0.9_icdar2017_v1.1_masked-test_en_run1	7	l3i_hipe-ocrepair-bench_v0.9_icdar2017_v1.1_masked-test_en_run1	cmer_micro	0.026300	0.021100	0.032000	0.026400	0.020200	0.034400	word_pref	-0.090000	-0.200000	0.020000	0.129600	no	tie
icdar2017_v1.1_test_fr	2	bnf-mistral_hipe-ocrepair-bench_v0.9_icdar2017_v1.1_masked-test_fr_run2	3	bnf-mistral_hipe-ocrepair-bench_v0.9_icdar2017_v1.1_masked-test_fr_run3	cmer_micro	0.009400	0.007900	0.011100	0.009800	0.007500	0.012800	cMER	0.000356	-0.001600	0.001921	0.627400	no	tie
icdar2017_v1.1_test_fr	2	bnf-mistral_hipe-ocrepair-bench_v0.9_icdar2017_v1.1_masked-test_fr_run2	3	bnf-mistral_hipe-ocrepair-bench_v0.9_icdar2017_v1.1_masked-test_fr_run3	cmer_micro	0.009400	0.007900	0.011100	0.009800	0.007500	0.012800	wMER	-0.001505	-0.009050	0.004568	0.705800	no	tie
icdar2017_v1.1_test_fr	2	bnf-mistral_hipe-ocrepair-bench_v0.9_icdar2017_v1.1_masked-test_fr_run2	3	bnf-mistral_hipe-ocrepair-bench_v0.9_icdar2017_v1.1_masked-test_fr_run3	cmer_micro	0.009400	0.007900	0.011100	0.009800	0.007500	0.012800	char_pref	-0.040000	-0.120000	0.030000	0.366800	no	tie
icdar2017_v1.1_test_fr	2	bnf-mistral_hipe-ocrepair-bench_v0.9_icdar2017_v1.1_masked-test_fr_run2	3	bnf-mistral_hipe-ocrepair-bench_v0.9_icdar2017_v1.1_masked-test_fr_run3	cmer_micro	0.009400	0.007900	0.011100	0.009800	0.007500	0.012800	word_pref	0.010000	-0.020000	0.050000	0.778800	no	tie
icdar2017_v1.1_test_fr	3	bnf-mistral_hipe-ocrepair-bench_v0.9_icdar2017_v1.1_masked-test_fr_run3	4	blocr_hipe-ocrepair-bench_v0.9_icdar2017_v1.1_masked-test_fr_run1	cmer_micro	0.009800	0.007500	0.012800	0.009800	0.007700	0.012100	cMER	-0.003326	-0.005200	-0.001194	0.003600	yes	A
icdar2017_v1.1_test_fr	3	bnf-mistral_hipe-ocrepair-bench_v0.9_icdar2017_v1.1_masked-test_fr_run3	4	blocr_hipe-ocrepair-bench_v0.9_icdar2017_v1.1_masked-test_fr_run1	cmer_micro	0.009800	0.007500	0.012800	0.009800	0.007700	0.012100	wMER	0.000066	-0.007141	0.008323	1.000000	no	tie
icdar2017_v1.1_test_fr	3	bnf-mistral_hipe-ocrepair-bench_v0.9_icdar2017_v1.1_masked-test_fr_run3	4	blocr_hipe-ocrepair-bench_v0.9_icdar2017_v1.1_masked-test_fr_run1	cmer_micro	0.009800	0.007500	0.012800	0.009800	0.007700	0.012100	char_pref	0.230000	0.110000	0.370000	0.000000	yes	A
icdar2017_v1.1_test_fr	3	bnf-mistral_hipe-ocrepair-bench_v0.9_icdar2017_v1.1_masked-test_fr_run3	4	blocr_hipe-ocrepair-bench_v0.9_icdar2017_v1.1_masked-test_fr_run1	cmer_micro	0.009800	0.007500	0.012800	0.009800	0.007700	0.012100	word_pref	0.160000	0.050000	0.280000	0.002400	yes	A
icdar2017_v1.1_test_fr	4	blocr_hipe-ocrepair-bench_v0.9_icdar2017_v1.1_masked-test_fr_run1	5	Zakaria-ENSIAS_hipe-ocrepair-bench_v0.9_icdar2017_v1.1_masked-test_fr_run1	cmer_micro	0.009800	0.007700	0.012100	0.015000	0.010300	0.021000	cMER	-0.004497	-0.008850	-0.001247	0.000800	yes	A
icdar2017_v1.1_test_fr	4	blocr_hipe-ocrepair-bench_v0.9_icdar2017_v1.1_masked-test_fr_run1	5	Zakaria-ENSIAS_hipe-ocrepair-bench_v0.9_icdar2017_v1.1_masked-test_fr_run1	cmer_micro	0.009800	0.007700	0.012100	0.015000	0.010300	0.021000	wMER	-0.002510	-0.008283	0.003044	0.390600	no	tie
icdar2017_v1.1_test_fr	4	blocr_hipe-ocrepair-bench_v0.9_icdar2017_v1.1_masked-test_fr_run1	5	Zakaria-ENSIAS_hipe-ocrepair-bench_v0.9_icdar2017_v1.1_masked-test_fr_run1	cmer_micro	0.009800	0.007700	0.012100	0.015000	0.010300	0.021000	char_pref	0.100000	-0.070000	0.270000	0.277400	no	tie
icdar2017_v1.1_test_fr	4	blocr_hipe-ocrepair-bench_v0.9_icdar2017_v1.1_masked-test_fr_run1	5	Zakaria-ENSIAS_hipe-ocrepair-bench_v0.9_icdar2017_v1.1_masked-test_fr_run1	cmer_micro	0.009800	0.007700	0.012100	0.015000	0.010300	0.021000	word_pref	-0.110000	-0.230000	0.010000	0.076200	no	tie
icdar2017_v1.1_test_fr	5	Zakaria-ENSIAS_hipe-ocrepair-bench_v0.9_icdar2017_v1.1_masked-test_fr_run1	6	baseline-no-correction_hipe-ocrepair-bench_v0.9_icdar2017_v1.1_masked-test_fr_run1	cmer_micro	0.015000	0.010300	0.021000	0.018800	0.015700	0.022500	cMER	-0.003973	-0.007190	0.000301	0.066400	no	tie
icdar2017_v1.1_test_fr	5	Zakaria-ENSIAS_hipe-ocrepair-bench_v0.9_icdar2017_v1.1_masked-test_fr_run1	6	baseline-no-correction_hipe-ocrepair-bench_v0.9_icdar2017_v1.1_masked-test_fr_run1	cmer_micro	0.015000	0.010300	0.021000	0.018800	0.015700	0.022500	wMER	-0.050802	-0.058136	-0.043554	0.000000	yes	A
icdar2017_v1.1_test_fr	5	Zakaria-ENSIAS_hipe-ocrepair-bench_v0.9_icdar2017_v1.1_masked-test_fr_run1	6	baseline-no-correction_hipe-ocrepair-bench_v0.9_icdar2017_v1.1_masked-test_fr_run1	cmer_micro	0.015000	0.010300	0.021000	0.018800	0.015700	0.022500	char_pref	0.650000	0.500000	0.790000	0.000000	yes	A
icdar2017_v1.1_test_fr	5	Zakaria-ENSIAS_hipe-ocrepair-bench_v0.9_icdar2017_v1.1_masked-test_fr_run1	6	baseline-no-correction_hipe-ocrepair-bench_v0.9_icdar2017_v1.1_masked-test_fr_run1	cmer_micro	0.015000	0.010300	0.021000	0.018800	0.015700	0.022500	word_pref	0.930000	0.850000	0.990000	0.000000	yes	A
icdar2017_v1.1_test_fr	6	baseline-no-correction_hipe-ocrepair-bench_v0.9_icdar2017_v1.1_masked-test_fr_run1	7	l3i_hipe-ocrepair-bench_v0.9_icdar2017_v1.1_masked-test_fr_run1	cmer_micro	0.018800	0.015700	0.022500	0.020500	0.016400	0.025900	cMER	-0.007640	-0.022777	0.000209	0.124400	no	tie
icdar2017_v1.1_test_fr	6	baseline-no-correction_hipe-ocrepair-bench_v0.9_icdar2017_v1.1_masked-test_fr_run1	7	l3i_hipe-ocrepair-bench_v0.9_icdar2017_v1.1_masked-test_fr_run1	cmer_micro	0.018800	0.015700	0.022500	0.020500	0.016400	0.025900	wMER	-0.001860	-0.013375	0.005498	0.804000	no	tie
icdar2017_v1.1_test_fr	6	baseline-no-correction_hipe-ocrepair-bench_v0.9_icdar2017_v1.1_masked-test_fr_run1	7	l3i_hipe-ocrepair-bench_v0.9_icdar2017_v1.1_masked-test_fr_run1	cmer_micro	0.018800	0.015700	0.022500	0.020500	0.016400	0.025900	char_pref	0.090000	-0.020000	0.200000	0.132200	no	tie
icdar2017_v1.1_test_fr	6	baseline-no-correction_hipe-ocrepair-bench_v0.9_icdar2017_v1.1_masked-test_fr_run1	7	l3i_hipe-ocrepair-bench_v0.9_icdar2017_v1.1_masked-test_fr_run1	cmer_micro	0.018800	0.015700	0.022500	0.020500	0.016400	0.025900	word_pref	-0.040000	-0.150000	0.070000	0.534600	no	tie
impresso_snippets_v1.0_test_de	1	bnf-mistral_hipe-ocrepair-bench_v0.9_impresso-snippets_v1.0_masked-test_de_run1	2	bnf-mistral_hipe-ocrepair-bench_v0.9_impresso-snippets_v1.0_masked-test_de_run2	cmer_micro	0.010000	0.008300	0.011900	0.012500	0.009600	0.015900	cMER	0.005282	0.000945	0.009205	0.016000	yes	B
impresso_snippets_v1.0_test_de	1	bnf-mistral_hipe-ocrepair-bench_v0.9_impresso-snippets_v1.0_masked-test_de_run1	2	bnf-mistral_hipe-ocrepair-bench_v0.9_impresso-snippets_v1.0_masked-test_de_run2	cmer_micro	0.010000	0.008300	0.011900	0.012500	0.009600	0.015900	wMER	0.096809	0.068003	0.122880	0.000000	yes	B
impresso_snippets_v1.0_test_de	1	bnf-mistral_hipe-ocrepair-bench_v0.9_impresso-snippets_v1.0_masked-test_de_run1	2	bnf-mistral_hipe-ocrepair-bench_v0.9_impresso-snippets_v1.0_masked-test_de_run2	cmer_micro	0.010000	0.008300	0.011900	0.012500	0.009600	0.015900	char_pref	-0.310000	-0.470000	-0.160000	0.000000	yes	B
impresso_snippets_v1.0_test_de	1	bnf-mistral_hipe-ocrepair-bench_v0.9_impresso-snippets_v1.0_masked-test_de_run1	2	bnf-mistral_hipe-ocrepair-bench_v0.9_impresso-snippets_v1.0_masked-test_de_run2	cmer_micro	0.010000	0.008300	0.011900	0.012500	0.009600	0.015900	word_pref	-0.630000	-0.810000	-0.460000	0.000000	yes	B
impresso_snippets_v1.0_test_de	2	bnf-mistral_hipe-ocrepair-bench_v0.9_impresso-snippets_v1.0_masked-test_de_run2	3	bnf-mistral_hipe-ocrepair-bench_v0.9_impresso-snippets_v1.0_masked-test_de_run3	cmer_micro	0.012500	0.009600	0.015900	0.013600	0.011000	0.016600	cMER	-0.016409	-0.019888	-0.012748	0.000000	yes	A
impresso_snippets_v1.0_test_de	2	bnf-mistral_hipe-ocrepair-bench_v0.9_impresso-snippets_v1.0_masked-test_de_run2	3	bnf-mistral_hipe-ocrepair-bench_v0.9_impresso-snippets_v1.0_masked-test_de_run3	cmer_micro	0.012500	0.009600	0.015900	0.013600	0.011000	0.016600	wMER	-0.178160	-0.199150	-0.155136	0.000000	yes	A
impresso_snippets_v1.0_test_de	2	bnf-mistral_hipe-ocrepair-bench_v0.9_impresso-snippets_v1.0_masked-test_de_run2	3	bnf-mistral_hipe-ocrepair-bench_v0.9_impresso-snippets_v1.0_masked-test_de_run3	cmer_micro	0.012500	0.009600	0.015900	0.013600	0.011000	0.016600	char_pref	0.730000	0.540000	0.920000	0.000000	yes	A
impresso_snippets_v1.0_test_de	2	bnf-mistral_hipe-ocrepair-bench_v0.9_impresso-snippets_v1.0_masked-test_de_run2	3	bnf-mistral_hipe-ocrepair-bench_v0.9_impresso-snippets_v1.0_masked-test_de_run3	cmer_micro	0.012500	0.009600	0.015900	0.013600	0.011000	0.016600	word_pref	1.200000	1.010000	1.390000	0.000000	yes	A
impresso_snippets_v1.0_test_de	3	bnf-mistral_hipe-ocrepair-bench_v0.9_impresso-snippets_v1.0_masked-test_de_run3	4	blocr_hipe-ocrepair-bench_v0.9_impresso-snippets_v1.0_masked-test_de_run1	cmer_micro	0.013600	0.011000	0.016600	0.016700	0.014300	0.019600	cMER	0.002232	-0.001208	0.005712	0.197000	no	tie
impresso_snippets_v1.0_test_de	3	bnf-mistral_hipe-ocrepair-bench_v0.9_impresso-snippets_v1.0_masked-test_de_run3	4	blocr_hipe-ocrepair-bench_v0.9_impresso-snippets_v1.0_masked-test_de_run1	cmer_micro	0.013600	0.011000	0.016600	0.016700	0.014300	0.019600	wMER	0.050095	0.027163	0.072907	0.000000	yes	B
impresso_snippets_v1.0_test_de	3	bnf-mistral_hipe-ocrepair-bench_v0.9_impresso-snippets_v1.0_masked-test_de_run3	4	blocr_hipe-ocrepair-bench_v0.9_impresso-snippets_v1.0_masked-test_de_run1	cmer_micro	0.013600	0.011000	0.016600	0.016700	0.014300	0.019600	char_pref	-0.040000	-0.190000	0.110000	0.655000	no	tie
impresso_snippets_v1.0_test_de	3	bnf-mistral_hipe-ocrepair-bench_v0.9_impresso-snippets_v1.0_masked-test_de_run3	4	blocr_hipe-ocrepair-bench_v0.9_impresso-snippets_v1.0_masked-test_de_run1	cmer_micro	0.013600	0.011000	0.016600	0.016700	0.014300	0.019600	word_pref	-0.280000	-0.450000	-0.110000	0.001200	yes	B
impresso_snippets_v1.0_test_de	4	blocr_hipe-ocrepair-bench_v0.9_impresso-snippets_v1.0_masked-test_de_run1	5	l3i_hipe-ocrepair-bench_v0.9_impresso-snippets_v1.0_masked-test_de_run1	cmer_micro	0.016700	0.014300	0.019600	0.017500	0.013800	0.021700	cMER	0.005913	-0.000963	0.011781	0.085000	no	tie
impresso_snippets_v1.0_test_de	4	blocr_hipe-ocrepair-bench_v0.9_impresso-snippets_v1.0_masked-test_de_run1	5	l3i_hipe-ocrepair-bench_v0.9_impresso-snippets_v1.0_masked-test_de_run1	cmer_micro	0.016700	0.014300	0.019600	0.017500	0.013800	0.021700	wMER	0.089424	0.056833	0.119942	0.000000	yes	B
impresso_snippets_v1.0_test_de	4	blocr_hipe-ocrepair-bench_v0.9_impresso-snippets_v1.0_masked-test_de_run1	5	l3i_hipe-ocrepair-bench_v0.9_impresso-snippets_v1.0_masked-test_de_run1	cmer_micro	0.016700	0.014300	0.019600	0.017500	0.013800	0.021700	char_pref	-0.550000	-0.760000	-0.340000	0.000000	yes	B
impresso_snippets_v1.0_test_de	4	blocr_hipe-ocrepair-bench_v0.9_impresso-snippets_v1.0_masked-test_de_run1	5	l3i_hipe-ocrepair-bench_v0.9_impresso-snippets_v1.0_masked-test_de_run1	cmer_micro	0.016700	0.014300	0.019600	0.017500	0.013800	0.021700	word_pref	-0.780000	-0.980000	-0.580000	0.000000	yes	B
impresso_snippets_v1.0_test_de	5	l3i_hipe-ocrepair-bench_v0.9_impresso-snippets_v1.0_masked-test_de_run1	6	baseline-no-correction_hipe-ocrepair-bench_v0.9_impresso-snippets_v1.0_masked-test_de_run1	cmer_micro	0.017500	0.013800	0.021700	0.025700	0.021100	0.030500	cMER	-0.015734	-0.020193	-0.011001	0.000000	yes	A
impresso_snippets_v1.0_test_de	5	l3i_hipe-ocrepair-bench_v0.9_impresso-snippets_v1.0_masked-test_de_run1	6	baseline-no-correction_hipe-ocrepair-bench_v0.9_impresso-snippets_v1.0_masked-test_de_run1	cmer_micro	0.017500	0.013800	0.021700	0.025700	0.021100	0.030500	wMER	-0.112741	-0.135162	-0.091133	0.000000	yes	A
impresso_snippets_v1.0_test_de	5	l3i_hipe-ocrepair-bench_v0.9_impresso-snippets_v1.0_masked-test_de_run1	6	baseline-no-correction_hipe-ocrepair-bench_v0.9_impresso-snippets_v1.0_masked-test_de_run1	cmer_micro	0.017500	0.013800	0.021700	0.025700	0.021100	0.030500	char_pref	0.750000	0.620000	0.860000	0.000000	yes	A
impresso_snippets_v1.0_test_de	5	l3i_hipe-ocrepair-bench_v0.9_impresso-snippets_v1.0_masked-test_de_run1	6	baseline-no-correction_hipe-ocrepair-bench_v0.9_impresso-snippets_v1.0_masked-test_de_run1	cmer_micro	0.017500	0.013800	0.021700	0.025700	0.021100	0.030500	word_pref	0.840000	0.740000	0.930000	0.000000	yes	A
impresso_snippets_v1.0_test_de	6	baseline-no-correction_hipe-ocrepair-bench_v0.9_impresso-snippets_v1.0_masked-test_de_run1	7	l3i_hipe-ocrepair-bench_v0.9_impresso-snippets_v1.0_masked-test_de_run2	cmer_micro	0.025700	0.021100	0.030500	0.026600	0.022200	0.031400	cMER	0.001063	-0.000815	0.002971	0.258200	no	tie
impresso_snippets_v1.0_test_de	6	baseline-no-correction_hipe-ocrepair-bench_v0.9_impresso-snippets_v1.0_masked-test_de_run1	7	l3i_hipe-ocrepair-bench_v0.9_impresso-snippets_v1.0_masked-test_de_run2	cmer_micro	0.025700	0.021100	0.030500	0.026600	0.022200	0.031400	wMER	0.002066	-0.007477	0.012217	0.667400	no	tie
impresso_snippets_v1.0_test_de	6	baseline-no-correction_hipe-ocrepair-bench_v0.9_impresso-snippets_v1.0_masked-test_de_run1	7	l3i_hipe-ocrepair-bench_v0.9_impresso-snippets_v1.0_masked-test_de_run2	cmer_micro	0.025700	0.021100	0.030500	0.026600	0.022200	0.031400	char_pref	-0.070000	-0.180000	0.040000	0.260800	no	tie
impresso_snippets_v1.0_test_de	6	baseline-no-correction_hipe-ocrepair-bench_v0.9_impresso-snippets_v1.0_masked-test_de_run1	7	l3i_hipe-ocrepair-bench_v0.9_impresso-snippets_v1.0_masked-test_de_run2	cmer_micro	0.025700	0.021100	0.030500	0.026600	0.022200	0.031400	word_pref	-0.070000	-0.180000	0.050000	0.256200	no	tie
impresso_snippets_v1.0_test_de	7	l3i_hipe-ocrepair-bench_v0.9_impresso-snippets_v1.0_masked-test_de_run2	8	Zakaria-ENSIAS_hipe-ocrepair-bench_v0.9_impresso-snippets_v1.0_masked-test_de_run1	cmer_micro	0.026600	0.022200	0.031400	0.038900	0.030800	0.049100	cMER	-0.026306	-0.039064	-0.016450	0.000000	yes	A
impresso_snippets_v1.0_test_de	7	l3i_hipe-ocrepair-bench_v0.9_impresso-snippets_v1.0_masked-test_de_run2	8	Zakaria-ENSIAS_hipe-ocrepair-bench_v0.9_impresso-snippets_v1.0_masked-test_de_run1	cmer_micro	0.026600	0.022200	0.031400	0.038900	0.030800	0.049100	wMER	-0.062525	-0.087216	-0.037237	0.000000	yes	A
impresso_snippets_v1.0_test_de	7	l3i_hipe-ocrepair-bench_v0.9_impresso-snippets_v1.0_masked-test_de_run2	8	Zakaria-ENSIAS_hipe-ocrepair-bench_v0.9_impresso-snippets_v1.0_masked-test_de_run1	cmer_micro	0.026600	0.022200	0.031400	0.038900	0.030800	0.049100	char_pref	0.660000	0.480000	0.830250	0.000000	yes	A
impresso_snippets_v1.0_test_de	7	l3i_hipe-ocrepair-bench_v0.9_impresso-snippets_v1.0_masked-test_de_run2	8	Zakaria-ENSIAS_hipe-ocrepair-bench_v0.9_impresso-snippets_v1.0_masked-test_de_run1	cmer_micro	0.026600	0.022200	0.031400	0.038900	0.030800	0.049100	word_pref	0.460000	0.260000	0.650000	0.000000	yes	A
impresso_snippets_v1.0_test_en	1	bnf-mistral_hipe-ocrepair-bench_v0.9_impresso-snippets_v1.0_masked-test_en_run1	2	blocr_hipe-ocrepair-bench_v0.9_impresso-snippets_v1.0_masked-test_en_run1	cmer_micro	0.006800	0.005100	0.008800	0.007700	0.006200	0.009300	cMER	-0.000767	-0.002889	0.001364	0.484000	no	tie
impresso_snippets_v1.0_test_en	1	bnf-mistral_hipe-ocrepair-bench_v0.9_impresso-snippets_v1.0_masked-test_en_run1	2	blocr_hipe-ocrepair-bench_v0.9_impresso-snippets_v1.0_masked-test_en_run1	cmer_micro	0.006800	0.005100	0.008800	0.007700	0.006200	0.009300	wMER	0.007462	-0.012415	0.026929	0.445000	no	tie
impresso_snippets_v1.0_test_en	1	bnf-mistral_hipe-ocrepair-bench_v0.9_impresso-snippets_v1.0_masked-test_en_run1	2	blocr_hipe-ocrepair-bench_v0.9_impresso-snippets_v1.0_masked-test_en_run1	cmer_micro	0.006800	0.005100	0.008800	0.007700	0.006200	0.009300	char_pref	-0.040000	-0.220000	0.140000	0.698400	no	tie
impresso_snippets_v1.0_test_en	1	bnf-mistral_hipe-ocrepair-bench_v0.9_impresso-snippets_v1.0_masked-test_en_run1	2	blocr_hipe-ocrepair-bench_v0.9_impresso-snippets_v1.0_masked-test_en_run1	cmer_micro	0.006800	0.005100	0.008800	0.007700	0.006200	0.009300	word_pref	-0.080000	-0.290000	0.120000	0.466200	no	tie
impresso_snippets_v1.0_test_en	2	blocr_hipe-ocrepair-bench_v0.9_impresso-snippets_v1.0_masked-test_en_run1	3	bnf-mistral_hipe-ocrepair-bench_v0.9_impresso-snippets_v1.0_masked-test_en_run2	cmer_micro	0.007700	0.006200	0.009300	0.008000	0.005900	0.010400	cMER	0.011392	0.009206	0.013507	0.000000	yes	B
impresso_snippets_v1.0_test_en	2	blocr_hipe-ocrepair-bench_v0.9_impresso-snippets_v1.0_masked-test_en_run1	3	bnf-mistral_hipe-ocrepair-bench_v0.9_impresso-snippets_v1.0_masked-test_en_run2	cmer_micro	0.007700	0.006200	0.009300	0.008000	0.005900	0.010400	wMER	0.112943	0.096358	0.129750	0.000000	yes	B
impresso_snippets_v1.0_test_en	2	blocr_hipe-ocrepair-bench_v0.9_impresso-snippets_v1.0_masked-test_en_run1	3	bnf-mistral_hipe-ocrepair-bench_v0.9_impresso-snippets_v1.0_masked-test_en_run2	cmer_micro	0.007700	0.006200	0.009300	0.008000	0.005900	0.010400	char_pref	-0.920000	-1.130000	-0.709750	0.000000	yes	B
impresso_snippets_v1.0_test_en	2	blocr_hipe-ocrepair-bench_v0.9_impresso-snippets_v1.0_masked-test_en_run1	3	bnf-mistral_hipe-ocrepair-bench_v0.9_impresso-snippets_v1.0_masked-test_en_run2	cmer_micro	0.007700	0.006200	0.009300	0.008000	0.005900	0.010400	word_pref	-1.110000	-1.320000	-0.900000	0.000000	yes	B
impresso_snippets_v1.0_test_en	3	bnf-mistral_hipe-ocrepair-bench_v0.9_impresso-snippets_v1.0_masked-test_en_run2	4	bnf-mistral_hipe-ocrepair-bench_v0.9_impresso-snippets_v1.0_masked-test_en_run3	cmer_micro	0.008000	0.005900	0.010400	0.008300	0.006400	0.010500	cMER	-0.018124	-0.019997	-0.016186	0.000000	yes	A
impresso_snippets_v1.0_test_en	3	bnf-mistral_hipe-ocrepair-bench_v0.9_impresso-snippets_v1.0_masked-test_en_run2	4	bnf-mistral_hipe-ocrepair-bench_v0.9_impresso-snippets_v1.0_masked-test_en_run3	cmer_micro	0.008000	0.005900	0.010400	0.008300	0.006400	0.010500	wMER	-0.184388	-0.195072	-0.173608	0.000000	yes	A
impresso_snippets_v1.0_test_en	3	bnf-mistral_hipe-ocrepair-bench_v0.9_impresso-snippets_v1.0_masked-test_en_run2	4	bnf-mistral_hipe-ocrepair-bench_v0.9_impresso-snippets_v1.0_masked-test_en_run3	cmer_micro	0.008000	0.005900	0.010400	0.008300	0.006400	0.010500	char_pref	1.340000	1.150000	1.530000	0.000000	yes	A
impresso_snippets_v1.0_test_en	3	bnf-mistral_hipe-ocrepair-bench_v0.9_impresso-snippets_v1.0_masked-test_en_run2	4	bnf-mistral_hipe-ocrepair-bench_v0.9_impresso-snippets_v1.0_masked-test_en_run3	cmer_micro	0.008000	0.005900	0.010400	0.008300	0.006400	0.010500	word_pref	1.610000	1.460000	1.750000	0.000000	yes	A
impresso_snippets_v1.0_test_en	4	bnf-mistral_hipe-ocrepair-bench_v0.9_impresso-snippets_v1.0_masked-test_en_run3	5	l3i_hipe-ocrepair-bench_v0.9_impresso-snippets_v1.0_masked-test_en_run1	cmer_micro	0.008300	0.006400	0.010500	0.010200	0.007900	0.012700	cMER	0.014176	0.011902	0.016401	0.000000	yes	B
impresso_snippets_v1.0_test_en	4	bnf-mistral_hipe-ocrepair-bench_v0.9_impresso-snippets_v1.0_masked-test_en_run3	5	l3i_hipe-ocrepair-bench_v0.9_impresso-snippets_v1.0_masked-test_en_run1	cmer_micro	0.008300	0.006400	0.010500	0.010200	0.007900	0.012700	wMER	0.165699	0.151528	0.179689	0.000000	yes	B
impresso_snippets_v1.0_test_en	4	bnf-mistral_hipe-ocrepair-bench_v0.9_impresso-snippets_v1.0_masked-test_en_run3	5	l3i_hipe-ocrepair-bench_v0.9_impresso-snippets_v1.0_masked-test_en_run1	cmer_micro	0.008300	0.006400	0.010500	0.010200	0.007900	0.012700	char_pref	-1.050000	-1.230000	-0.869750	0.000000	yes	B
impresso_snippets_v1.0_test_en	4	bnf-mistral_hipe-ocrepair-bench_v0.9_impresso-snippets_v1.0_masked-test_en_run3	5	l3i_hipe-ocrepair-bench_v0.9_impresso-snippets_v1.0_masked-test_en_run1	cmer_micro	0.008300	0.006400	0.010500	0.010200	0.007900	0.012700	word_pref	-1.300000	-1.460000	-1.140000	0.000000	yes	B
impresso_snippets_v1.0_test_en	5	l3i_hipe-ocrepair-bench_v0.9_impresso-snippets_v1.0_masked-test_en_run1	6	baseline-no-correction_hipe-ocrepair-bench_v0.9_impresso-snippets_v1.0_masked-test_en_run1	cmer_micro	0.010200	0.007900	0.012700	0.015400	0.012700	0.018300	cMER	-0.006032	-0.008635	-0.003547	0.000000	yes	A
impresso_snippets_v1.0_test_en	5	l3i_hipe-ocrepair-bench_v0.9_impresso-snippets_v1.0_masked-test_en_run1	6	baseline-no-correction_hipe-ocrepair-bench_v0.9_impresso-snippets_v1.0_masked-test_en_run1	cmer_micro	0.010200	0.007900	0.012700	0.015400	0.012700	0.018300	wMER	-0.028963	-0.041635	-0.015942	0.000000	yes	A
impresso_snippets_v1.0_test_en	5	l3i_hipe-ocrepair-bench_v0.9_impresso-snippets_v1.0_masked-test_en_run1	6	baseline-no-correction_hipe-ocrepair-bench_v0.9_impresso-snippets_v1.0_masked-test_en_run1	cmer_micro	0.010200	0.007900	0.012700	0.015400	0.012700	0.018300	char_pref	0.430000	0.280000	0.570000	0.000000	yes	A
impresso_snippets_v1.0_test_en	5	l3i_hipe-ocrepair-bench_v0.9_impresso-snippets_v1.0_masked-test_en_run1	6	baseline-no-correction_hipe-ocrepair-bench_v0.9_impresso-snippets_v1.0_masked-test_en_run1	cmer_micro	0.010200	0.007900	0.012700	0.015400	0.012700	0.018300	word_pref	0.400000	0.250000	0.540000	0.000000	yes	A
impresso_snippets_v1.0_test_en	6	baseline-no-correction_hipe-ocrepair-bench_v0.9_impresso-snippets_v1.0_masked-test_en_run1	7	l3i_hipe-ocrepair-bench_v0.9_impresso-snippets_v1.0_masked-test_en_run2	cmer_micro	0.015400	0.012700	0.018300	0.018000	0.015200	0.020900	cMER	-0.002469	-0.004639	-0.000430	0.020000	yes	A
impresso_snippets_v1.0_test_en	6	baseline-no-correction_hipe-ocrepair-bench_v0.9_impresso-snippets_v1.0_masked-test_en_run1	7	l3i_hipe-ocrepair-bench_v0.9_impresso-snippets_v1.0_masked-test_en_run2	cmer_micro	0.015400	0.012700	0.018300	0.018000	0.015200	0.020900	wMER	-0.014605	-0.025016	-0.004974	0.001600	yes	A
impresso_snippets_v1.0_test_en	6	baseline-no-correction_hipe-ocrepair-bench_v0.9_impresso-snippets_v1.0_masked-test_en_run1	7	l3i_hipe-ocrepair-bench_v0.9_impresso-snippets_v1.0_masked-test_en_run2	cmer_micro	0.015400	0.012700	0.018300	0.018000	0.015200	0.020900	char_pref	0.150000	0.040000	0.260000	0.011800	yes	A
impresso_snippets_v1.0_test_en	6	baseline-no-correction_hipe-ocrepair-bench_v0.9_impresso-snippets_v1.0_masked-test_en_run1	7	l3i_hipe-ocrepair-bench_v0.9_impresso-snippets_v1.0_masked-test_en_run2	cmer_micro	0.015400	0.012700	0.018300	0.018000	0.015200	0.020900	word_pref	0.170000	0.060000	0.280000	0.001800	yes	A
impresso_snippets_v1.0_test_en	7	l3i_hipe-ocrepair-bench_v0.9_impresso-snippets_v1.0_masked-test_en_run2	8	Zakaria-ENSIAS_hipe-ocrepair-bench_v0.9_impresso-snippets_v1.0_masked-test_en_run1	cmer_micro	0.018000	0.015200	0.020900	0.020200	0.012200	0.032500	cMER	-0.029628	-0.050460	-0.013404	0.000000	yes	A
impresso_snippets_v1.0_test_en	7	l3i_hipe-ocrepair-bench_v0.9_impresso-snippets_v1.0_masked-test_en_run2	8	Zakaria-ENSIAS_hipe-ocrepair-bench_v0.9_impresso-snippets_v1.0_masked-test_en_run1	cmer_micro	0.018000	0.015200	0.020900	0.020200	0.012200	0.032500	wMER	-0.105483	-0.132615	-0.081851	0.000000	yes	A
impresso_snippets_v1.0_test_en	7	l3i_hipe-ocrepair-bench_v0.9_impresso-snippets_v1.0_masked-test_en_run2	8	Zakaria-ENSIAS_hipe-ocrepair-bench_v0.9_impresso-snippets_v1.0_masked-test_en_run1	cmer_micro	0.018000	0.015200	0.020900	0.020200	0.012200	0.032500	char_pref	0.560000	0.400000	0.710000	0.000000	yes	A
impresso_snippets_v1.0_test_en	7	l3i_hipe-ocrepair-bench_v0.9_impresso-snippets_v1.0_masked-test_en_run2	8	Zakaria-ENSIAS_hipe-ocrepair-bench_v0.9_impresso-snippets_v1.0_masked-test_en_run1	cmer_micro	0.018000	0.015200	0.020900	0.020200	0.012200	0.032500	word_pref	0.510000	0.350000	0.670000	0.000000	yes	A
impresso_snippets_v1.0_test_fr	1	bnf-mistral_hipe-ocrepair-bench_v0.9_impresso-snippets_v1.0_masked-test_fr_run1	2	bnf-mistral_hipe-ocrepair-bench_v0.9_impresso-snippets_v1.0_masked-test_fr_run2	cmer_micro	0.007700	0.005900	0.009700	0.008600	0.005900	0.011600	cMER	0.006315	0.002664	0.009827	0.000400	yes	B
impresso_snippets_v1.0_test_fr	1	bnf-mistral_hipe-ocrepair-bench_v0.9_impresso-snippets_v1.0_masked-test_fr_run1	2	bnf-mistral_hipe-ocrepair-bench_v0.9_impresso-snippets_v1.0_masked-test_fr_run2	cmer_micro	0.007700	0.005900	0.009700	0.008600	0.005900	0.011600	wMER	0.073742	0.049106	0.098500	0.000000	yes	B
impresso_snippets_v1.0_test_fr	1	bnf-mistral_hipe-ocrepair-bench_v0.9_impresso-snippets_v1.0_masked-test_fr_run1	2	bnf-mistral_hipe-ocrepair-bench_v0.9_impresso-snippets_v1.0_masked-test_fr_run2	cmer_micro	0.007700	0.005900	0.009700	0.008600	0.005900	0.011600	char_pref	-0.540000	-0.770000	-0.310000	0.000000	yes	B
impresso_snippets_v1.0_test_fr	1	bnf-mistral_hipe-ocrepair-bench_v0.9_impresso-snippets_v1.0_masked-test_fr_run1	2	bnf-mistral_hipe-ocrepair-bench_v0.9_impresso-snippets_v1.0_masked-test_fr_run2	cmer_micro	0.007700	0.005900	0.009700	0.008600	0.005900	0.011600	word_pref	-0.750000	-0.970000	-0.530000	0.000000	yes	B
impresso_snippets_v1.0_test_fr	2	bnf-mistral_hipe-ocrepair-bench_v0.9_impresso-snippets_v1.0_masked-test_fr_run2	3	bnf-mistral_hipe-ocrepair-bench_v0.9_impresso-snippets_v1.0_masked-test_fr_run3	cmer_micro	0.008600	0.005900	0.011600	0.009200	0.007500	0.011200	cMER	-0.017844	-0.022107	-0.013961	0.000000	yes	A
impresso_snippets_v1.0_test_fr	2	bnf-mistral_hipe-ocrepair-bench_v0.9_impresso-snippets_v1.0_masked-test_fr_run2	3	bnf-mistral_hipe-ocrepair-bench_v0.9_impresso-snippets_v1.0_masked-test_fr_run3	cmer_micro	0.008600	0.005900	0.011600	0.009200	0.007500	0.011200	wMER	-0.159609	-0.178637	-0.139478	0.000000	yes	A
impresso_snippets_v1.0_test_fr	2	bnf-mistral_hipe-ocrepair-bench_v0.9_impresso-snippets_v1.0_masked-test_fr_run2	3	bnf-mistral_hipe-ocrepair-bench_v0.9_impresso-snippets_v1.0_masked-test_fr_run3	cmer_micro	0.008600	0.005900	0.011600	0.009200	0.007500	0.011200	char_pref	1.130000	0.930000	1.330000	0.000000	yes	A
impresso_snippets_v1.0_test_fr	2	bnf-mistral_hipe-ocrepair-bench_v0.9_impresso-snippets_v1.0_masked-test_fr_run2	3	bnf-mistral_hipe-ocrepair-bench_v0.9_impresso-snippets_v1.0_masked-test_fr_run3	cmer_micro	0.008600	0.005900	0.011600	0.009200	0.007500	0.011200	word_pref	1.370000	1.190000	1.540000	0.000000	yes	A
impresso_snippets_v1.0_test_fr	3	bnf-mistral_hipe-ocrepair-bench_v0.9_impresso-snippets_v1.0_masked-test_fr_run3	4	l3i_hipe-ocrepair-bench_v0.9_impresso-snippets_v1.0_masked-test_fr_run1	cmer_micro	0.009200	0.007500	0.011200	0.009900	0.006700	0.013800	cMER	0.016850	0.012136	0.021680	0.000000	yes	B
impresso_snippets_v1.0_test_fr	3	bnf-mistral_hipe-ocrepair-bench_v0.9_impresso-snippets_v1.0_masked-test_fr_run3	4	l3i_hipe-ocrepair-bench_v0.9_impresso-snippets_v1.0_masked-test_fr_run1	cmer_micro	0.009200	0.007500	0.011200	0.009900	0.006700	0.013800	wMER	0.151031	0.125731	0.174052	0.000000	yes	B
impresso_snippets_v1.0_test_fr	3	bnf-mistral_hipe-ocrepair-bench_v0.9_impresso-snippets_v1.0_masked-test_fr_run3	4	l3i_hipe-ocrepair-bench_v0.9_impresso-snippets_v1.0_masked-test_fr_run1	cmer_micro	0.009200	0.007500	0.011200	0.009900	0.006700	0.013800	char_pref	-1.210000	-1.400000	-1.010000	0.000000	yes	B
impresso_snippets_v1.0_test_fr	3	bnf-mistral_hipe-ocrepair-bench_v0.9_impresso-snippets_v1.0_masked-test_fr_run3	4	l3i_hipe-ocrepair-bench_v0.9_impresso-snippets_v1.0_masked-test_fr_run1	cmer_micro	0.009200	0.007500	0.011200	0.009900	0.006700	0.013800	word_pref	-1.420000	-1.590000	-1.240000	0.000000	yes	B
impresso_snippets_v1.0_test_fr	4	l3i_hipe-ocrepair-bench_v0.9_impresso-snippets_v1.0_masked-test_fr_run1	5	blocr_hipe-ocrepair-bench_v0.9_impresso-snippets_v1.0_masked-test_fr_run1	cmer_micro	0.009900	0.006700	0.013800	0.009900	0.007200	0.012800	cMER	-0.004139	-0.008033	0.000277	0.064400	no	tie
impresso_snippets_v1.0_test_fr	4	l3i_hipe-ocrepair-bench_v0.9_impresso-snippets_v1.0_masked-test_fr_run1	5	blocr_hipe-ocrepair-bench_v0.9_impresso-snippets_v1.0_masked-test_fr_run1	cmer_micro	0.009900	0.006700	0.013800	0.009900	0.007200	0.012800	wMER	-0.011597	-0.036442	0.015351	0.362200	no	tie
impresso_snippets_v1.0_test_fr	4	l3i_hipe-ocrepair-bench_v0.9_impresso-snippets_v1.0_masked-test_fr_run1	5	blocr_hipe-ocrepair-bench_v0.9_impresso-snippets_v1.0_masked-test_fr_run1	cmer_micro	0.009900	0.006700	0.013800	0.009900	0.007200	0.012800	char_pref	0.510000	0.320000	0.710000	0.000000	yes	A
impresso_snippets_v1.0_test_fr	4	l3i_hipe-ocrepair-bench_v0.9_impresso-snippets_v1.0_masked-test_fr_run1	5	blocr_hipe-ocrepair-bench_v0.9_impresso-snippets_v1.0_masked-test_fr_run1	cmer_micro	0.009900	0.006700	0.013800	0.009900	0.007200	0.012800	word_pref	0.450000	0.270000	0.630000	0.000000	yes	A
impresso_snippets_v1.0_test_fr	5	blocr_hipe-ocrepair-bench_v0.9_impresso-snippets_v1.0_masked-test_fr_run1	6	baseline-no-correction_hipe-ocrepair-bench_v0.9_impresso-snippets_v1.0_masked-test_fr_run1	cmer_micro	0.009900	0.007200	0.012800	0.014100	0.010500	0.018000	cMER	-0.008393	-0.012265	-0.004878	0.000000	yes	A
impresso_snippets_v1.0_test_fr	5	blocr_hipe-ocrepair-bench_v0.9_impresso-snippets_v1.0_masked-test_fr_run1	6	baseline-no-correction_hipe-ocrepair-bench_v0.9_impresso-snippets_v1.0_masked-test_fr_run1	cmer_micro	0.009900	0.007200	0.012800	0.014100	0.010500	0.018000	wMER	-0.064363	-0.090206	-0.039817	0.000000	yes	A
impresso_snippets_v1.0_test_fr	5	blocr_hipe-ocrepair-bench_v0.9_impresso-snippets_v1.0_masked-test_fr_run1	6	baseline-no-correction_hipe-ocrepair-bench_v0.9_impresso-snippets_v1.0_masked-test_fr_run1	cmer_micro	0.009900	0.007200	0.012800	0.014100	0.010500	0.018000	char_pref	0.320000	0.150000	0.490000	0.000600	yes	A
impresso_snippets_v1.0_test_fr	5	blocr_hipe-ocrepair-bench_v0.9_impresso-snippets_v1.0_masked-test_fr_run1	6	baseline-no-correction_hipe-ocrepair-bench_v0.9_impresso-snippets_v1.0_masked-test_fr_run1	cmer_micro	0.009900	0.007200	0.012800	0.014100	0.010500	0.018000	word_pref	0.430000	0.270000	0.590000	0.000000	yes	A
impresso_snippets_v1.0_test_fr	6	baseline-no-correction_hipe-ocrepair-bench_v0.9_impresso-snippets_v1.0_masked-test_fr_run1	7	l3i_hipe-ocrepair-bench_v0.9_impresso-snippets_v1.0_masked-test_fr_run2	cmer_micro	0.014100	0.010500	0.018000	0.017500	0.014000	0.021300	cMER	-0.001250	-0.002801	0.000343	0.121800	no	tie
impresso_snippets_v1.0_test_fr	6	baseline-no-correction_hipe-ocrepair-bench_v0.9_impresso-snippets_v1.0_masked-test_fr_run1	7	l3i_hipe-ocrepair-bench_v0.9_impresso-snippets_v1.0_masked-test_fr_run2	cmer_micro	0.014100	0.010500	0.018000	0.017500	0.014000	0.021300	wMER	-0.005448	-0.011667	0.001093	0.101400	no	tie
impresso_snippets_v1.0_test_fr	6	baseline-no-correction_hipe-ocrepair-bench_v0.9_impresso-snippets_v1.0_masked-test_fr_run1	7	l3i_hipe-ocrepair-bench_v0.9_impresso-snippets_v1.0_masked-test_fr_run2	cmer_micro	0.014100	0.010500	0.018000	0.017500	0.014000	0.021300	char_pref	0.130000	0.020000	0.240000	0.026000	yes	A
impresso_snippets_v1.0_test_fr	6	baseline-no-correction_hipe-ocrepair-bench_v0.9_impresso-snippets_v1.0_masked-test_fr_run1	7	l3i_hipe-ocrepair-bench_v0.9_impresso-snippets_v1.0_masked-test_fr_run2	cmer_micro	0.014100	0.010500	0.018000	0.017500	0.014000	0.021300	word_pref	0.130000	0.020000	0.240000	0.023600	yes	A
impresso_snippets_v1.0_test_fr	7	l3i_hipe-ocrepair-bench_v0.9_impresso-snippets_v1.0_masked-test_fr_run2	8	Zakaria-ENSIAS_hipe-ocrepair-bench_v0.9_impresso-snippets_v1.0_masked-test_fr_run1	cmer_micro	0.017500	0.014000	0.021300	0.027700	0.018200	0.040000	cMER	-0.031344	-0.043971	-0.021318	0.000000	yes	A
impresso_snippets_v1.0_test_fr	7	l3i_hipe-ocrepair-bench_v0.9_impresso-snippets_v1.0_masked-test_fr_run2	8	Zakaria-ENSIAS_hipe-ocrepair-bench_v0.9_impresso-snippets_v1.0_masked-test_fr_run1	cmer_micro	0.017500	0.014000	0.021300	0.027700	0.018200	0.040000	wMER	-0.104856	-0.124311	-0.083800	0.000000	yes	A
impresso_snippets_v1.0_test_fr	7	l3i_hipe-ocrepair-bench_v0.9_impresso-snippets_v1.0_masked-test_fr_run2	8	Zakaria-ENSIAS_hipe-ocrepair-bench_v0.9_impresso-snippets_v1.0_masked-test_fr_run1	cmer_micro	0.017500	0.014000	0.021300	0.027700	0.018200	0.040000	char_pref	0.620000	0.460000	0.770000	0.000000	yes	A
impresso_snippets_v1.0_test_fr	7	l3i_hipe-ocrepair-bench_v0.9_impresso-snippets_v1.0_masked-test_fr_run2	8	Zakaria-ENSIAS_hipe-ocrepair-bench_v0.9_impresso-snippets_v1.0_masked-test_fr_run1	cmer_micro	0.017500	0.014000	0.021300	0.027700	0.018200	0.040000	word_pref	0.550000	0.380000	0.720000	0.000000	yes	A